639-3,639-1,639-2B,Scope/Type,Family,Native,eng,fra,spa,zho,rus,deu
aaa,,,I/L,NigerâCongo,,Ghotuo,,,,ÐÑÐ¾ÑÑÐ¾,
aab,,,I/L,NigerâCongo,,Alumu-Tesu,,,,ÐÐ»ÑÐ¼Ñ-ÑÐµÑÑ,
aac,,,I/L,TransâNew Guinea,,Ari,,,é¿éè¯­,ÐÑÐ¸,
aad,,,I/L,Sepik,,Amal,,,,ÐÐ¼Ð°Ð»,
aae,,,I/L,Indo-European,,Albanian (ArbÃ«reshÃ« Dialect),albanais,,,Ð°Ð»Ð±Ð°Ð½ÑÐºÐ¸Ð¹,Albanisch
aaf,,,I/L,Dravidian,,Aranadan,,,,Ð°ÑÐ°Ð½Ð°Ð´Ð°Ð½,
aag,,,I/L,Torricelli,,Ambrak,,,,Ð°Ð¼Ð±ÑÐ°Ðº,
aah,,,I/L,Torricelli,,Abuâ Arapesh,,,,Ð°Ð±Ñ-Ð°ÑÐ°Ð¿ÐµÑ,
aai,,,I/L,Austronesian,,Arifama-Miniafia,,,,Ð°ÑÐ¸ÑÐ°Ð¼Ð°-Ð¼Ð°Ð½Ð¸Ð°ÑÐ¸Ð°,
aak,,,I/L,TransâNew Guinea,,Ankave,,,,Ð°Ð½ÐºÐ°Ð²Ðµ,
aal,,,I/L,Afro-Asiatic,afaÃ«,Afade,,,,Ð°ÑÐ°Ð´Ðµ,
(aam),,,I/L,Nilo-Saharan,,Aramanik,,,,Ð°ÑÐ°Ð¼Ð°Ð½Ð¸Ðº,
aan,,,I/L,Tupian,,AnambÃ©,,anambÃ©,,Ð°Ð½Ð°Ð¼Ð±Ðµ,
aao,,,I/L,Arabic,,Arabic (Algerian Saharan),arabe (Sahara algÃ©rien),Ã¡rabe (sahariano argelino),é¿å°åå©äºæåæé¿æä¼¯è¯­,Ð°ÑÐ°Ð±ÑÐºÐ¸Ð¹ (Ð¡Ð°ÑÐ°ÑÐ°),Arabisch (Algerische Sahara)
aap,,,I/L,Cariban,,"ArÃ¡ra, ParÃ¡",,"arÃ¡ra, parÃ¡",,Ð¿Ð°ÑÐ°-Ð°ÑÐ°ÑÐ°,
aaq,,,I/E,Algic,,Abnaki (Eastern),,,,Ð°Ð±ÐµÐ½Ð°ÐºÐ¸ (Ð²Ð¾ÑÑÐ¾ÑÐ½ÑÐ¹),
aar,aa,aar,I/L,Afro-Asiatic,Afaraf,Afar,afar,afar,é¿æ³å°è¯­l; é¿æ³è¯­,Ð°ÑÐ°Ñ,Afar
aas,,,I/L,Afro-Asiatic,,AasÃ¡x,,,,Ð°ÑÐ°,
aat,,,I/L,Indo-European,,Albanian (Arvanitika),albanais (Arvanitika),,,Ð°Ð»Ð±Ð°Ð½ÑÐºÐ¸Ð¹ (ÐÑÐ²Ð°Ð½Ð¸ÑÐ¸ÐºÐ°),
aau,,,I/L,Sepik,,Abau,,,,Ð°Ð±Ð°Ñ,
aaw,,,I/L,Western Oceanic,,Solong,,,,ÑÐ¾Ð»Ð¾Ð½Ð³,
aax,,,I/L,TransâNew Guinea,,Mandobo Atas,,,,Ð¼Ð°Ð½Ð´Ð¾Ð±Ð¾-Ð°ÑÐ°Ñ,
(aay),,,I/L,spurious language,,Aariya,,,,Ð°Ð°ÑÐ¸Ñ,
aaz,,,I/L,Austronesian,,Amarasi,,,,Ð°Ð¼Ð°ÑÐ°ÑÐ¸,
aba,,,I/L,NigerâCongo,,AbÃ©,,,,Ð°Ð±Ðµ,
abb,,,I/L,NigerâCongo,,Bankon,,,,Ð±Ð°Ð½ÐºÐ¾Ð½,
abc,,,I/L,Austronesian,,"Ayta, Ambala",,,,Ð°Ð¼Ð±Ð°Ð»Ð°-Ð°Ð¹ÑÐ°,
abd,,,I/L,Austronesian,,"Agta, Camarines Norte",,,,Ð°Ð³ÑÐ° (ÐÐ°Ð¼Ð°ÑÐ¸Ð½ÐµÑ ÐÐ¾ÑÑÐµ),
abe,,,I/L,Algic,WÃ´banakiÃ´dwawÃ´gan,"Abnaki, Western",abÃ©naquis ouest,,,Ð·Ð°Ð¿Ð°Ð´Ð½ÑÐ¹ Ð°Ð±ÐµÐ½Ð°ÐºÐ¸,
abf,,,I/L,Austronesian,,Abai Sungai,,,,Ð°Ð±Ð°Ð¹-ÑÑÐ½Ð³Ð°Ð¹,
abg,,,I/L,TransâNew Guinea,,Abaga,,,,Ð°Ð±Ð°Ð³Ð°,
abh,,,I/L,Arabic,,Arabic (Tajiki),arabe (tadjik),,å¡ååé¿æä¼¯è¯­,Ð°ÑÐ°Ð±ÑÐºÐ¸Ð¹ (ÑÐ°Ð´Ð¶Ð¸ÐºÑÐºÐ¸Ð¹),Arabisch (Tadschikistan)
abi,,,I/L,NigerâCongo,,Abidji,,,,Ð°Ð±Ð¸Ð´Ð¶Ð¸,
abj,,,I/E,Great Andamanese,,Aka-Bea,,,,Ð±ÐµÐ°,
abk,ab,abk,I/L,Northwest Caucasian,ÐÒ§ÑÑÐ°,Abkhazian,abkhaze,abjaso,é¿å¸åå¹è¯­,Ð°Ð±ÑÐ°Ð·ÑÐºÐ¸Ð¹,Abchasisch
abl,,,I/L,Austronesian,,Abung,,,,Ð°Ð±ÑÐ½Ð³,
abm,,,I/L,NigerâCongo,,Abanyom,,,,Ð°Ð±Ð°Ð½ÑÐ¾Ð¼,
abn,,,I/L,NigerâCongo,,Abua,,,é¿å¸å®è¯­,Ð°Ð±ÑÐ°,
abo,,,I/L,NigerâCongo,,Abon,,,,Ð°Ð±Ð¾Ð½,
abp,,,I/L,Austronesian,,"Ayta, Abenlen",,,,Ð°Ð±ÐµÐ½Ð»ÐµÐ½-Ð°Ð¹ÑÐ°,
abq,,,I/L,Northwest Caucasian,Ð°Ð±Ð°Ð·Ð°,Abaza,abaza,abaza,é¿å·´æ­è¯­,Ð°Ð±Ð°Ð·Ð¸Ð½ÑÐºÐ¸Ð¹,Abasinisch
abr,,,I/L,NigerâCongo,,Abron,,,,Ð°Ð±ÑÐ¾Ð½,
abs,,,I/L,Austronesian,,"Malay, Ambonese",malais (ambonais),,,Ð°Ð¼Ð±Ð¾Ð½ÑÐºÐ¸Ð¹ Ð¼Ð°Ð»Ð°Ð¹ÑÐºÐ¸Ð¹,
abt,,,I/L,Papuan,,Ambulas,,,,Ð°Ð¼Ð±ÑÐ»Ð°Ñ,
abu,,,I/L,NigerâCongo,Ébule ÉyÊÉ,Abure,,,,Ð°Ð±ÑÑÐµ,
abv,,,I/L,Arabic,,Arabic (Baharna),arabe (Baharna),Ã¡rabe (Baharna),,Ð°ÑÐ°Ð±ÑÐºÐ¸Ð¹ (ÐÐ°ÑÐ°ÑÐ½Ð°),Arabisch (Baharna)
abw,,,I/L,TransâNew Guinea,,Pal,,,,Ð¿Ð°Ð»,
abx,,,I/L,Austronesian,,Inabaknon,,,,Ð¸Ð½Ð°Ð±Ð°ÐºÐ½Ð¾Ð½,
aby,,,I/L,TransâNew Guinea,,Aneme Wake,,,,Ð°Ð½ÐµÐ¼Ðµ-Ð²Ð°ÐºÐµ,
abz,,,I/L,TransâNew Guinea,,Abui,,,,Ð°Ð±ÑÐ¸,
aca,,,I/L,Arawakan,,Achagua,,,,Ð°ÑÐ°Ð³ÑÐ°,
acb,,,I/L,NigerâCongo,,ÃncÃ¡,,,,Ð°Ð½ÐºÐ°,
(acc),,,I/L,Mayan,,"AchÃ­, Cubulco",,,,ÐºÑÐ±ÑÐ»ÑÐºÑÐºÐ¸Ð¹ Ð°ÑÐ¸,
acd,,,I/L,NigerâCongo,,Gikyode,,,,Ð³Ð¸ÐºÑÐ¾Ð´Ðµ,
ace,,ace,I/L,Austronesian,Aceh,Achinese,aceh,achinÃ©s,äºé½è¯­,Ð°ÑÐµÑÑÐºÐ¸Ð¹,
acf,,,I/L,French Creole,kwÃ©yÃ²l,Saint Lucian Creole French,crÃ©ole franÃ§ais de Sainte-Lucie,,å£å¢è¥¿äºåéå¥¥å°æ³è¯­,ÑÐµÐ½Ñ-Ð»ÑÑÐ¸Ð¹ÑÐºÐ¸Ð¹ ÐºÑÐµÐ¾Ð»ÑÑÐºÐ¸Ð¹ ÑÑÐ°Ð½ÑÑÐ·ÑÐºÐ¸Ð¹,
ach,,ach,I/L,Nilo-Saharan,,Acoli,acoli,,é¿ä¹å©è¯­,Ð°ÑÐ¾Ð»Ð¸,
aci,,,I/E,Great Andamanese,,Aka-Cari,,,,ÑÐ°ÑÐ¸Ð°Ñ,
ack,,,I/E,Great Andamanese,,Aka-Kora,,,,ÐºÐ¾ÑÐ°,
acl,,,I/E,Great Andamanese,,Akar-Bale,,,,Ð°ÐºÐ°Ñ-Ð±Ð°Ð»Ðµ,
acm,,,I/L,Arabic,,Arabic (Mesopotamian),arabe (mÃ©sopotamien),,ç¾ç´¢ä¸è¾¾ç±³äºé¿æä¼¯è¯­,Ð°ÑÐ°Ð±ÑÐºÐ¸Ð¹ (ÐÐµÑÐ¾Ð¿Ð¾ÑÐ°Ð¼ÑÐºÐ¸Ð¹),Arabisch (mesopotamisch)
acn,,,I/L,Sino-Tibetan,MÃ¶nghsa,Achang,,,é¿æè¯­,Ð°ÑÐ°Ð½Ð³,
acp,,,I/L,NigerâCongo,,"Acipa, Eastern",,,,Ð²Ð¾ÑÑÐ¾ÑÐ½ÑÐ¹ Ð°ÐºÐ¸Ð¿Ð°,
acq,,,I/L,Arabic,,"Arabic, Ta'izzi-Adeni Spoken",arabe (parlÃ© de Taâizzi-Adeni),,,Ð°ÑÐ°Ð±ÑÐºÐ¸Ð¹ (ÑÐ°Ð¸Ð·Ð·Ð¸-Ð°Ð´ÐµÐ½Ð¸),
acr,,,I/L,Mayan,,"AchÃ­, Rabinal",,,,ÑÐ°Ð±Ð¸Ð½Ð°Ð»ÑÐºÐ¸Ð¹ Ð°ÑÐ¸,
acs,,,I/E,Macro-JÃª,,AcroÃ¡,,,,Ð°ÐºÑÐ¾Ð°,
act,,,I/L,Indo-European,Achterhooks,Achterhooks,,,,Ð°ÑÑÐµÑÑÑÑÐºÐ¸ (Ð´Ð¸Ð°Ð»ÐµÐºÑ),
acu,,,I/L,Jivaroan,,Achuar-Shiwiar,achuar-shiwiar,,,Ð°ÑÑÐ°Ñ-ÑÐ¸Ð²Ð¸Ð°Ñ,
acv,,,I/L,Palaihnihan,AjÃºmmÃ¡Ã¡wÃ­,Achumawi,,,,Ð°ÑÑÐ¼Ð°Ð²Ð¸,
acw,,,I/L,Arabic,,Arabic (Hijazi),arabe (Hijazi),,,Ð°ÑÐ°Ð±ÑÐºÐ¸Ð¹ (ÑÐ¸Ð´Ð¶Ð°Ð·Ð¸),Arabisch (Hijazi)
acx,,,I/L,Arabic,,Arabic (Omani),arabe (omanais),,,Ð°ÑÐ°Ð±ÑÐºÐ¸Ð¹ (Ð¾Ð¼Ð°Ð½ÑÐºÐ¸Ð¹),Arabisch (Oman)
acy,,,I/L,Arabic,,Arabic (Cypriot),arabe (chypriote),,,Ð°ÑÐ°Ð±ÑÐºÐ¸Ð¹ (ÐºÐ¸Ð¿ÑÐ¸Ð¾ÑÑÐºÐ¸Ð¹),Arabisch (Zypern)
acz,,,I/L,NigerâCongo,,Acheron,,,,Ð°ÑÐµÑÐ¾Ð½,
ada,,ada,I/L,NigerâCongo,,Adangme,adangme,,é¿å½æ¢è¯­,Ð°Ð´Ð°Ð½Ð³Ð¼Ðµ,
adb,,,I/L,TransâNew Guinea,,Adabe,,,,Ð°Ð´Ð°Ð±Ðµ,
add,,,I/L,NigerâCongo,,Dzodinka,,,,Ð´Ð·Ð¾Ð´Ð¸Ð½ÐºÐ°,
ade,,,I/L,NigerâCongo,,Adele,,,é¿å¾·åè¯­,Ð°Ð´ÐµÐ»Ðµ,
adf,,,I/L,Arabic,,Arabic (Dhofari),arabe (Dhofari),,,Ð°ÑÐ°Ð±ÑÐºÐ¸Ð¹ (Ð´ÑÐ¾ÑÐ°ÑÐ¸),Arabisch (Dofari)
adg,,,I/L,PamaâNyungan,,Andegerebinha,,,,Ð°Ð½ÑÐµÐºÐµÑÐµÐ¿Ð¸Ð½Ñ,
adh,,,I/L,Nilo-Saharan,,Adhola,,,,Ð°Ð´ÑÐ¾Ð»Ð°,
adi,,,I/L,Sino-Tibetan,,Adi,,,å´©å°¼-ååå°è¯­; ååå°-çå·´è¯­,Ð°Ð´Ð¸,
adj,,,I/L,NigerâCongo,mÉjukru,Adioukrou,,,,Ð°Ð´Ð¸ÑÐºÑÑ,
adl,,,I/L,Sino-Tibetan,,Adi (Galo),,,,Ð°Ð´Ð¸ (Ð³Ð°Ð»Ð¾),
adn,,,I/L,TransâNew Guinea,,Adang,,,,Ð°Ð´Ð°Ð½Ð³,
ado,,,I/L,Ramu,,Abu,,,,Ð°Ð±Ñ,
(adp),,,I/L,Sino-Tibetan,,Adap,,,,Ð°Ð´Ð°Ð¿,
adq,,,I/L,NigerâCongo,,Adangbe,,,,Ð°Ð´Ð°Ð½Ð³Ð±Ðµ,
adr,,,I/L,Austronesian,,Adonara,,,,Ð°Ð´Ð¾Ð½Ð°ÑÐ°,
ads,,,I/L,West African gestural area,,Adamorobe Sign Language,langue des signes adamorobe,,,Ð°Ð´Ð°Ð¼Ð¾ÑÐ¾Ð±Ðµ Ð¶ÐµÑÑÐ¾Ð²ÑÐ¹,
adt,,,I/L,PamaâNyungan,Yura Ngawarla,Adynyamathanha,,,,Ð°ÑÑÐ½ÑÐ¼Ð°ÑÐ°Ð½Ñ,
adu,,,I/L,NigerâCongo,,Aduge,,,,Ð°Ð´ÑÐ³Ðµ,
adw,,,I/L,Tupian,,Amundava,,amundava,,Ð°Ð¼ÑÐ½Ð´Ð°Ð²Ð°,
adx,,,I/L,Sino-Tibetan,,"Tibetan, Amdo",tibÃ©tain (Amdo),,å®å¤èè¯­,ÑÐ¸Ð±ÐµÑÑÐºÐ¸Ð¹ (Ð°Ð¼Ð´Ð¾),
ady,,ady,I/L,Northwest Caucasian,Ð°Ð´ÑÐ³ÑÐ±Ð·Ñ,Adyghe; Adygei,adyghÃ©,adiguÃ©,é¿è¿ªæ ¼è¯­,Ð°Ð´ÑÐ³ÐµÐ¹ÑÐºÐ¸Ð¹,
adz,,,I/L,Austronesian,,Adzera,,,,Ð°Ð´Ð·ÐµÑÐ°,
aea,,,I/E,PamaâNyungan,,Areba,,,,Ð°ÑÐµÐ¿Ð°,
aeb,,,I/L,Afro-Asiatic,ØªÙÙØ³Ù,"Arabic, Tunisian Spoken",arabe (tunisien parlÃ©),Ã¡rabe (dialecto tunecino),çªå°¼æ¯é¿æä¼¯è¯­,Ð°ÑÐ°Ð±ÑÐºÐ¸Ð¹ (ÑÑÐ½Ð¸ÑÑÐºÐ¸Ð¹),
aec,,,I/L,Afro-Asiatic,,"Arabic, Saidi Spoken",arabe (sÃ©oudien parlÃ©),,,Ð°ÑÐ°Ð±ÑÐºÐ¸Ð¹ (ÑÐ°Ð¸Ð´Ð¸),
aed,,,I/L,unclassified,,Argentine Sign Language,langue des signes Argentine,lengua de seÃ±as Argentina,é¿æ ¹å»·æè¯­,Ð°ÑÐ³ÐµÐ½ÑÐ¸Ð½ÑÐºÐ¸Ð¹ Ð¶ÐµÑÑÐ¾Ð²ÑÐ¹,
aee,,,I/L,Indo-European,,"Pashayi, Northeast",,,,ÑÐµÐ²ÐµÑÐ¾-Ð²Ð¾ÑÑÐ¾ÑÐ½ÑÐ¹ Ð¿Ð°ÑÐ°Ð¹Ð¸,
aek,,,I/L,Austronesian,,Haeke,,,,ÑÐ°ÑÐºÐµ,
ael,,,I/L,NigerâCongo,,Ambele,,,,Ð°Ð¼Ð±ÐµÐ»Ðµ,
aem,,,I/L,Austroasiatic,,Arem,,,,Ð°ÑÐµÐ¼,
aen,,,I/L,isolate,,Armenian Sign Language,langue des signes armÃ©nienne,,äºç¾å°¼äºæè¯­,Ð°ÑÐ¼ÑÐ½ÑÐºÐ¸Ð¹ Ð¶ÐµÑÑÐ¾Ð²ÑÐ¹,
aeq,,,I/L,Indo-Aryan,,Aer,,,,Ð°ÑÑ,
aer,,,I/L,PamaâNyungan,,"Arrernte, Eastern",,,,Ð²Ð¾ÑÑÐ¾ÑÐ½ÑÐ¹ Ð°ÑÑÐµÑÐ½ÑÐµ,
aes,,,I/E,Penutian,,Alsea,,,,Ð°Ð»ÑÐµÐ°,
aeu,,,I/L,Sino-Tibetan,,Akeu,,,,Ð°ÐºÐµÑ,
aew,,,I/L,Ramu,,Ambakich,,,,Ð°Ð¼Ð±Ð°ÐºÐ¸Ñ,
(aex),,,I/L,spurious language,,Amerax,,,,Ð°Ð¼ÐµÑÐ°Ñ,
aey,,,I/L,TransâNew Guinea,,Amele,,,,Ð°Ð¼ÐµÐ»Ðµ,
aez,,,I/L,TransâNew Guinea,,Aeka,,,,Ð°ÑÐºÐ°,
afb,,,I/L,Afro-Asiatic,,"Arabic, Gulf Spoken",arabe (parlÃ© du Golfe),,æ³¢æ¯æ¹¾é¿æä¼¯è¯­,Ð³Ð°Ð»ÑÑÐºÐ¸Ð¹ Ð°ÑÐ°Ð±ÑÐºÐ¸Ð¹,
afd,,,I/L,Ramu,,Andai,,,,Ð°Ð½Ð´Ð°Ð¹,
afe,,,I/L,NigerâCongo,,Putukwam,,,,Ð¿ÑÑÑÐºÐ²Ð°Ð¼,
afg,,,I/L,isolate,,Afghan Sign Language,,,é¿å¯æ±æè¯­,Ð°ÑÑÐ¸ÐºÐ°Ð½ÑÐºÐ¸Ð¹ Ð¶ÐµÑÑÐ¾Ð²ÑÐ¹,
afh,,afh,I/C,constructed,,Afrihili,afrihili,,é¿å¼éå¸å©è¯­,Ð°ÑÑÐ¸ÑÐ¸Ð»Ð¸,Afrihili
afi,,,I/L,Ramu,,Akrukay,,,,Ð°ÐºÑÑÐºÐ°Ð¹,
afk,,,I/L,Ramu,,Nanubae,,,,Ð½Ð°Ð½ÑÐ±Ð°Ñ,
afn,,,I/L,NigerâCongo,,Defaka,,,,Ð´ÐµÑÐ°ÐºÐ°,
afo,,,I/L,NigerâCongo,,Eloyi,,,,ÑÐ»Ð¾Ð¹Ð¸,
afp,,,I/L,Ramu,,Tapei,,,,ÑÐ°Ð¿ÐµÐ¸,
afr,af,afr,I/L,Indo-European,Afrikaans,Afrikaans,Afrikaans,Afrikaans,é¿éå©å ªæ¯è¯­; åéè·å°è¯­; åéè¯­,Ð°ÑÑÐ¸ÐºÐ°Ð°Ð½Ñ,Afrikaans
afs,,,I/L,English Creole,,Afro-Seminole Creole,crÃ©ole afro-sÃ©minole,,,Ð°ÑÑÐ¾-ÑÐµÐ¼Ð¸Ð½Ð¾Ð»ÑÑÐºÐ¸Ð¹ ÐºÑÐµÐ¾Ð»ÑÑÐºÐ¸Ð¹,
aft,,,I/L,Nilo-Saharan,,Afitti,,,,Ð°ÑÐ¸ÑÑÐ¸,
afu,,,I/L,NigerâCongo,,Awutu,,,,Ð°Ð²ÑÑÑ,
afz,,,I/L,Lakes Plain,,Obokuitai,,,,Ð¾Ð±Ð¾ÐºÑÐ¸ÑÐ°Ð¸,
aga,,,I/E,unclassified,,Aguano,,,,Ð°Ð³ÑÐ°Ð½Ð¾,
agb,,,I/L,NigerâCongo,,Legbo,,,,Ð»ÐµÐ³Ð±Ð¾,
agc,,,I/L,NigerâCongo,,Agatu,,,,Ð°Ð³Ð°ÑÑ,
agd,,,I/L,TransâNew Guinea,,Agarabi,,,,Ð°Ð³Ð°ÑÐ°Ð±Ð¸,
age,,,I/L,TransâNew Guinea,,Angal,,,,Ð°Ð½Ð³Ð°Ð»,
agf,,,I/L,Austronesian,,Arguni,,,,Ð°ÑÐ³ÑÐ½Ð¸,
agg,,,I/L,Senagi,,Angor,,,,Ð°Ð½Ð³Ð¾Ñ,
agh,,,I/L,NigerâCongo,,Ngelima,,,,Ð½Ð³ÐµÐ»Ð¸Ð¼Ð°,
agi,,,I/L,Austroasiatic,,Agariya,,,,Ð°Ð³Ð°ÑÐ¸Ñ,
agj,,,I/L,Afro-Asiatic,,Argobba,,,,Ð°ÑÐ³Ð¾Ð±Ð±Ð°,
agk,,,I/L,Austronesian,,"Agta, Isarog",,,,Ð¸ÑÐ°ÑÐ¾Ð³-Ð°Ð³ÑÐ°,
agl,,,I/L,TransâNew Guinea,,Fembe,,,,ÑÐµÐ¼Ð±Ðµ,
agm,,,I/L,TransâNew Guinea,,Angaatiha,,,,Ð°Ð½Ð³Ð°Ð°ÑÐ¸ÑÐ°,
agn,,,I/L,Austronesian,,Agutaynen,,,,Ð°Ð³ÑÑÐ°Ð¹Ð½ÐµÐ½,
ago,,,I/L,TransâNew Guinea,,Tainae,,,,ÑÐ°Ð¹Ð½Ð°Ñ,
(agp),,,I/L,Austronesian,,Paranan,,,,Ð¿Ð°ÑÐ°Ð½Ð°Ð½,
agq,,,I/L,NigerâCongo,aghÃ­m,Aghem,,,,Ð°Ð³ÑÐµÐ¼,
agr,,,I/L,Jivaroan,awajun,Aguaruna,,aguaruna,,Ð°Ð³ÑÐ°ÑÑÐ½Ð°,
ags,,,I/L,NigerâCongo,,Esimbi,,,,ÑÑÐ¸Ð¼Ð±Ð¸,
agt,,,I/L,Austronesian,,"Agta, Central Cagayan",,,,ÑÐµÐ½ÑÑÐ°Ð»ÑÐ½Ð¾-ÐºÐ°Ð³Ð°ÑÐ½ÑÐºÐ¸Ð¹ Ð°Ð³ÑÐ°,
agu,,,I/L,Mayan,awakateko,Aguacateco,,aguacateco,,Ð°Ð³ÑÐ°ÐºÐ°ÑÐµÐºÐ¾,
agv,,,I/L,Austronesian,,"Agta, Remontado",,,,ÑÐµÐ¼Ð¾Ð½ÑÐ°Ð´Ð¾-Ð°Ð³ÑÐ°,
agw,,,I/L,Austronesian,,Kahua,,,,ÐºÐ°ÑÑÐ°,
agx,,,I/L,Northeast Caucasian,Ð°Ð³ÑÑÐ»,Aghul,,aghul,é¿å¤å°è¯­,Ð°Ð³ÑÐ»ÑÑÐºÐ¸Ð¹,
agy,,,I/L,Austronesian,,"Alta, Southern",,,,ÑÐ¶Ð½ÑÐ¹ Ð°Ð»ÑÑÐ°,
agz,,,I/L,Austronesian,,"Agta, Mt. Iriga",,,,Ð°Ð³ÑÐ° (Ð¼Ñ. ÐÑÐ¸Ð³Ð°),
aha,,,I/L,NigerâCongo,,Ahanta,,,,Ð°ÑÐ°Ð½ÑÐ°,
ahb,,,I/L,Austronesian,,Axamb,,,,Ð°ÑÐ°Ð¼Ð±,
(ahe),,,I/L,Austronesian,,Ahe,,,,Ð°ÑÐµ,
ahg,,,I/L,Afro-Asiatic,,Qimant,,,,ÐºÐ¸Ð¼Ð°Ð½Ñ,
ahh,,,I/L,TransâNew Guinea,,Aghu,,,,Ð°Ð³ÑÑ,
ahi,,,I/L,NigerâCongo,,"Aizi, Tiagbamrin",,,,ÑÐ¸Ð°Ð³Ð±Ð°Ð¼ÑÐ¸Ð½-Ð°Ð¹Ð·Ð¸,
ahk,,,I/L,Sino-Tibetan,,Akha,,,éå°¼è¯­,Ð°ÐºÑÐ°,
ahl,,,I/L,NigerâCongo,,Igo,,,,Ð¸Ð³Ð¾,
ahm,,,I/L,NigerâCongo,,"Aizi, Mobumrin",,,,Ð¼Ð¾Ð±ÑÐ¼ÑÐ¸Ð½-Ð°Ð¹Ð·Ð¸,
ahn,,,I/L,NigerâCongo,,ÃhÃ n,,,,Ð°ÑÐ°Ð½,
aho,,,I/E,TaiâKadai,,Ahom,,,é¿éå§è¯­,Ð°ÑÐ¾Ð¼,
ahp,,,I/L,NigerâCongo,,"Aizi, Aproumu",,,,Ð°Ð¿ÑÐ¾ÑÐ¼Ñ-Ð°Ð¹Ð·Ð¸,
ahr,,,I/L,Indo-European,,Ahirani,,,,Ð°ÑÐ¸ÑÐ°Ð½Ð¸,
ahs,,,I/L,NigerâCongo,,Ashe,,,,Ð°ÑÐµ,
aht,,,I/L,DenÃ©âYeniseian,,Ahtena,,,,Ð°ÑÑÐµÐ½Ð°,
aia,,,I/L,Austronesian,,Arosi,,,,Ð°ÑÐ¾ÑÐ¸,
aib,,,I/L,Turkic,,Ainu (China),aÃ¯nou (Chine),,è¾åªè¯­,Ð°Ð¹Ð½Ñ (ÐÐ¸ÑÐ°Ð¹),
aic,,,I/L,Border,,Ainbai,,,,Ð°Ð¹Ð½Ð±Ð°Ð¹,
aid,,,I/E,PamaâNyungan,,Alngith,,,,Ð°Ð½Ð³Ð¸Ñ,
aie,,,I/L,Austronesian,,Amara,,,,Ð°Ð¼Ð°ÑÐ°,
aif,,,I/L,Torricelli,,Agi,,,,Ð°Ð³Ð¸,
aig,,,I/L,English Creole,,Antigua and Barbuda Creole English,crÃ©ole anglais dâAntigua-et-Barbuda,criollo de Antigua y Barbuda,å®æçåå·´å¸è¾¾åéå¥¥å°è±è¯­,ÐºÑÐµÐ¾Ð»ÑÑÐºÐ¸Ð¹ Ð°Ð½Ð³Ð»Ð¸Ð¹ÑÐºÐ¸Ð¹ (ÐÐ½ÑÐ¸Ð³ÑÐ° Ð¸ ÐÐ°ÑÐ±ÑÐ´Ð°),
aih,,,I/L,TaiâKadai,,Ai-Cham,,,é¦è¯­,Ð°Ð¹-ÑÐ°Ð¼,
aii,,,I/L,Afro-Asiatic,"Ü£ÜÜªÜÜÜ Ü£ÜÜªÜÜ¬,ÜÜ¬ÜÜªÜÜ Ü£ÜÜªÜÜÜ",Assyrian Neo-Aramaic,nÃ©o-aramÃ©en (assyrien),,,Ð°ÑÑÐ¸ÑÐ¸Ð¹ÑÐºÐ¸Ð¹ Ð½Ð¾Ð²Ð¾Ð°ÑÐ°Ð¼ÐµÐ¹ÑÐºÐ¸Ð¹,
aij,,,I/L,Afro-Asiatic,,Lishanid Noshan,,,,Ð»Ð¸ÑÐ°Ð½Ð¸Ð´-Ð½Ð¾ÑÐ°Ð½,
aik,,,I/L,NigerâCongo,,Ake,,,,Ð°ÐºÐµ,
ail,,,I/L,TransâNew Guinea,,Aimele,,,,Ð°Ð¹Ð¼ÐµÐ»Ðµ,
aim,,,I/L,Sino-Tibetan,,Aimol,,,,Ð°Ð¹Ð¼Ð¾Ð»,
ain,,ain,I/L,isolate,ã¢ã¤ã ã¤ã¿ã¯(ã¤ã¿ãã¯),Ainu (Japan),aÃ¯nou (Japon),,é¿ä¼åªè¯­,Ð°Ð¹Ð½ÑÐºÐ¸Ð¹,Ainu
aio,,,I/L,TaiâKadai,,Aiton,,,è¾éè¯­,Ð°Ð¹ÑÐ¾Ð½,
aip,,,I/L,TransâNew Guinea,,Burumakok,,,,Ð±ÑÑÑÐ¼Ð°ÐºÐ¾Ðº,
aiq,,,I/L,Indo-European,,Aimaq,,,,Ð°Ð¹Ð¼Ð°Ðº,
air,,,I/L,Tor-Kwerba,,Airoran,,,,Ð°Ð¹ÑÐ¾Ð½Ð°Ð½,
(ais),,,I/L,Austronesian,,"Amis, Nataoran",,,è±å°é¿ç¾è¯­,Ð½Ð°ÑÐ°Ð¾ÑÐ°Ð½-Ð°Ð¼Ð¸Ñ,
ait,,,I/E,Tupian,,Arikem,,arikem,,Ð°ÑÐ¸ÐºÐµÐ¼,
aiw,,,I/L,Afro-Asiatic,,Aari,,,,Ð°Ð°ÑÐ¸,
aix,,,I/L,Austronesian,,Aigon,,,,Ð°Ð¹Ð³Ð¾Ð½,
aiy,,,I/L,NigerâCongo,,Ali,,,,Ð°Ð»Ð¸,
(aiz),,,I/L,Afro-Asiatic,,Aari,,,,Ð°Ð°ÑÐ¸,
aja,,,I/L,Nilo-Saharan,,Aja (Sudan),,,,Ð°Ð´Ð¶Ð° (Ð¡ÑÐ´Ð°Ð½),
ajg,,,I/L,NigerâCongo,,Aja (Benin),,,,Ð°Ð´Ð¶Ð° (ÐÐµÐ½Ð¸Ð½),
aji,,,I/L,Austronesian,,AjiÃ«,,,,Ð°Ð´Ð¶Ð¸Ñ,
ajn,,,I/L,Worroran,,Andajin,,,,Ð°Ð½ÑÐ°ÑÐ¸Ð½,
ajp,,,I/L,Afro-Asiatic,,Arabic (South Levantine),arabe (lÃ©vantin du Sud),,åé»å¡ç¹é¿æä¼¯è¯­,Ð°ÑÐ°Ð±ÑÐºÐ¸Ð¹ (ÑÐ¶Ð½Ð¾-Ð»ÐµÐ²Ð°Ð½ÑÐ¸Ð¹ÑÐºÐ¸Ð¹),Arabisch (SÃ¼dlevantisch)
ajt,,,I/L,Afro-Asiatic,,Arabic (Judeo-Tunisian),arabe (judÃ©o-tunisien),,,Ð°ÑÐ°Ð±ÑÐºÐ¸Ð¹ (Ð¸ÑÐ´ÐµÐ¾-ÑÑÐ½Ð¸ÑÑÐºÐ¸Ð¹),
aju,,,I/L,Afro-Asiatic,,Arabic (Judeo-Moroccan),arabe (judÃ©o-marocain),,,Ð°ÑÐ°Ð±ÑÐºÐ¸Ð¹ (Ð¸ÑÐ´ÐµÐ¾-Ð¼Ð°ÑÐ¾ÐºÐºÐ°Ð½ÑÐºÐ¸Ð¹),
ajw,,,I/E,Afro-Asiatic,,Ajawa,,,,Ð°Ð´Ð¶Ð°Ð²Ð°,
ajz,,,I/L,Sino-Tibetan,,Amri,,,,Ð°Ð¼ÑÐ¸,
aka,ak,aka,M/L,NigerâCongo,Akan,Akan,akan,acano,é¿åè¯­,Ð°ÐºÐ°Ð½,Akan
akb,,,I/L,Austronesian,,Batak Angkola,angkola batak,,,Ð°Ð½Ð³ÐºÐ¾Ð»Ð°-Ð±Ð°ÑÐ°Ðº,
akc,,,I/L,isolate,,Mpur,,,,Ð¼Ð¿ÑÑ,
akd,,,I/L,NigerâCongo,,Ukpet-Ehom,,,,ÑÐºÐ¿ÐµÑ-ÑÑÐ¾Ð¼,
ake,,,I/L,Cariban,,Akawaio,,,,Ð°ÐºÐ°Ð²Ð°Ð¹Ð¾,
akf,,,I/L,NigerâCongo,,Akpa,,,,Ð°ÐºÐ¿Ð°,
akg,,,I/L,Austronesian,,Anakalangu,,,,Ð°Ð½Ð°ÐºÐ°Ð»Ð°Ð½Ð³Ñ,
akh,,,I/L,TransâNew Guinea,,Angal Heneng,,,,Ð°Ð½Ð³Ð°Ð»-ÑÐµÐ½ÐµÐ½Ð³,
aki,,,I/L,Ramu,,Aiome,,,,Ð°Ð¸Ð¾Ð¼Ðµ,
akj,,,I/E,Great Andamanese,,Aka-Jeru,,,,Ð´Ð¶ÐµÑÑ,
akk,,akk,I/A,Afro-Asiatic,akkadÃ»,Akkadian,akkadien,acadio,é¿å¡å¾·è¯­,ÐÐºÐºÐ°Ð´ÑÐºÐ¸Ð¹,Akkadisch
akl,,,I/L,Austronesian,Inakeanon,Aklanon,,,,Ð°ÐºÐ»Ð°Ð½Ð¾Ð½,
akm,,,I/E,Great Andamanese,,Aka-Bo,,,,Ð±Ð¾,
(akn),,,I/L,spurious language,,Amikoana,,,,Ð°Ð¼Ð¸ÐºÐ¾Ð°Ð½Ð°,
ako,,,I/L,Cariban,,Akurio,,akurio,,Ð°ÐºÑÑÐ¸Ð¾,
akp,,,I/L,NigerâCongo,,Siwu,,,,ÑÐ¸Ð²Ñ,
akq,,,I/L,Sepik,,Ak,,,,Ð°Ðº,
akr,,,I/L,Austronesian,,Araki,,,,Ð°ÑÐ°ÐºÐ¸,
aks,,,I/L,NigerâCongo,,Akaselem,,,,Ð°ÐºÐ°ÑÐµÐ»ÐµÐ¼,
akt,,,I/L,Austronesian,,Akolet,,,,Ð°ÐºÐ¾Ð»ÐµÑ,
aku,,,I/L,NigerâCongo,aakuem,Akum,,,,Ð°ÐºÑÐ¼,
akv,,,I/L,Northeast Caucasian,,Akhvakh,,akhvakh,,Ð°ÑÐ²Ð°ÑÑÐºÐ¸Ð¹,
akw,,,I/L,NigerâCongo,,Akwa,,,,Ð°ÐºÐ²Ð°,
akx,,,I/E,Great Andamanese,,Aka-Kede,,,,ÐºÐµÐ´Ðµ,
aky,,,I/E,Great Andamanese,,Aka-Kol,,,,ÐºÐ¾Ð»,
akz,,,I/L,Muskogean,Albaamo innaaÉ¬iilka,Alabama,,Alabama,,Ð°Ð»Ð°Ð±Ð°Ð¼Ð°,
ala,,,I/L,NigerâCongo,,Alago,,,,Ð°Ð»Ð°Ð³Ð¾,
alc,,,I/L,Alacalufan,alacalufe,Qawasqar,,,,ÐºÐ°Ð²Ð°ÑÐºÐ°Ñ,
ald,,,I/L,NigerâCongo,,Alladian,,,,Ð°Ð»Ð»Ð°Ð´Ð¸Ð°Ð½,
ale,,ale,I/L,Eskimo-Aleut,Unangax tunuu,Aleut,alÃ©oute,,é¿çç³è¯­,Ð°Ð»ÐµÑÑÑÐºÐ¸Ð¹,
alf,,,I/L,NigerâCongo,,Alege,,,,Ð°Ð»ÐµÐ³Ðµ,
alh,,,I/L,Arnhem,,Alawa,,,,Ð°Ð»Ð°Ð²Ð°,
ali,,,I/L,TransâNew Guinea,,Amaimon,,,,Ð°Ð¼Ð°Ð¸Ð¼Ð¾Ð½,
alj,,,I/L,Austronesian,,Alangan,,,,Ð°Ð»Ð°Ð½Ð³Ð°Ð½,
alk,,,I/L,Austroasiatic,,Alak,,,,Ð°Ð»Ð°Ðº,
all,,,I/L,Dravidian,,Allar,,,,Ð°Ð»Ð»Ð°Ñ,
alm,,,I/L,Austronesian,,Amblong,,,,Ð°Ð¼Ð±Ð»Ð¾Ð½Ð³,
aln,,,I/L,Indo-European,gegnisht,Albanian (Gheg),albanais (Gheg),,çæ ¼é¿å°å·´å°¼äºè¯­,Ð³ÐµÐ³ÑÐºÐ¸Ð¹ Ð°Ð»Ð±Ð°Ð½ÑÐºÐ¸Ð¹,Albanisch (Gheg)
alo,,,I/L,Austronesian,,Larike-Wakasihu,,,,Ð»Ð°ÑÐ¸ÐºÐµ-Ð²Ð°ÐºÐ°ÑÐ¸ÑÑ,
alp,,,I/L,Austronesian,,Alune,,,,Ð°Ð»ÑÐ½Ðµ,
alq,,,I/L,Algic,Anishnaabemowin (Omaamiwininimowin),Algonquin,Algonquin,,,Ð°Ð»Ð³Ð¾Ð½ÐºÐ¸Ð½ÑÐºÐ¸Ð¹,
alr,,,I/L,Chukotko-Kamchatkan,,Alutor,,,,Ð°Ð»ÑÑÐ¾ÑÑÐºÐ¸Ð¹,
als,,,I/L,Indo-European,toskÃ«rishte,Albanian (Tosk),albanais (Tosk),,ææ¯åé¿å°å·´å°¼äºè¯­,ÑÐ¾ÑÐºÑÐºÐ¸Ð¹ Ð°Ð»Ð±Ð°Ð½ÑÐºÐ¸Ð¹,Albanisch (Tosk)
alt,,alt,I/L,Turkic,ÐÐ»ÑÐ°Ð¹ ÑÐ¸Ð»Ð¸,Altai (Southern),altaÃ¯ (du Sud),altay,åé¿å°æ³°è¯­,Ð°Ð»ÑÐ°Ð¹ÑÐºÐ¸Ð¹,SÃ¼daltaisch
alu,,,I/L,Austronesian,,'Are'are,,,,Ð°ÑÐµÐ°ÑÐµ,
alw,,,I/L,Afro-Asiatic,,Alaba,,,,Ð°Ð»Ð°Ð±Ð°,
alx,,,I/L,Torricelli,,Alatil,,,,Ð°Ð»Ð°ÑÐ¸Ð»,
aly,,,I/L,PamaâNyungan,,Alyawarr,,,,Ð°Ð»ÑÐ²Ð°ÑÑ,
alz,,,I/L,Nilo-Saharan,,Alur,,,é¿å¢å°è¯­,Ð°Ð»ÑÑ,
ama,,,I/E,Tupian,,AmanayÃ©,,amanayÃ©,,Ð°Ð¼Ð°Ð½Ð°Ð¹Ðµ,
amb,,,I/L,NigerâCongo,,Ambo,,,å®åè¯­,Ð°Ð¼Ð±Ð¾,
amc,,,I/L,Pano-Tacanan,,Amahuaca,,amahuaca,,Ð°Ð¼Ð°ÑÐ°ÐºÐ°,
(amd),,,I/L,spurious language,,AmapÃ¡ Creole,,,,ÐºÑÐµÐ¾Ð»ÑÑÐºÐ¸Ð¹ (Ð°Ð¼Ð°Ð¿Ð°),
ame,,,I/L,Arawakan,YaneÅ¡aÄ,Yanesha',,,,ÑÐ½ÐµÑÐ°,
amf,,,I/L,Afro-Asiatic,,Hamer-Banna,,,,ÑÐ°Ð¼ÐµÑ-Ð±Ð°Ð½Ð½Ð°,
amg,,,I/L,Iwaidjan,,Amarag,,,,Ð°Ð¼Ð°ÑÐ°Ð³,
amh,am,amh,I/L,Afro-Asiatic,á áá­á,Amharic,amharique,amÃ¡rico,é¿å§åæè¯­,Ð°Ð¼ÑÐ°ÑÑÐºÐ¸Ð¹,Amharisch
ami,,,I/L,Austronesian,,Amis,,,é¿ç¾è¯­,Ð°Ð¼Ð¸Ñ,
amj,,,I/L,Nilo-Saharan,,Amdang,,,,Ð°Ð¼Ð´Ð°Ð½Ð³,
amk,,,I/L,Austronesian,,Ambai,,,,Ð°Ð¼Ð±Ð°Ð¹,
aml,,,I/L,Austroasiatic,,War,,,,Ð²Ð°Ñ,
amm,,,I/L,Left May,,Ama (Papua New Guinea),ama (Papouasie-Nouvelle-GuinÃ©e),,,Ð°Ð¼Ð°,
amn,,,I/L,Border,,Amanab,,,,Ð°Ð¼Ð°Ð½Ð°Ð±,
amo,,,I/L,NigerâCongo,,Amo,,,,Ð°Ð¼Ð¾,
amp,,,I/L,Sepik,,Alamblak,,,,Ð°Ð»Ð°Ð¼Ð±Ð»Ð°Ðº,
amq,,,I/L,Austronesian,,Amahai,,,,Ð°Ð¼Ð°ÑÐ°Ð¹,
amr,,,I/L,Otomakoan,,Amarakaeri,,,,Ð°Ð¼Ð°ÑÐ°ÐºÐ°ÐµÑÐ¸,
ams,,,I/L,Japonic,,"Amami-Oshima, Southern",,,åå¥ç¾ççè¯­,ÑÐ¶Ð½ÑÐ¹ Ð°Ð¼Ð°Ð¼Ð¸-Ð¾ÑÐ¸Ð¼Ð°,
amt,,,I/L,Amto-Musan,,Amto,,,,Ð°Ð¼ÑÐ¾,
amu,,,I/L,Oto-Manguean,,"Amuzgo, Guerrero",,,,Ð³ÐµÑÑÐµÑÑÐºÐ¸Ð¹ Ð°Ð¼ÑÑÐ³Ð¾,
amv,,,I/L,Austronesian,,Ambelau,,,,Ð°Ð¼Ð±ÐµÐ»Ð°Ñ,
amw,,,I/L,Afro-Asiatic,"ÜÜªÜ¡ÜÜ¬, Ø¢Ø±Ø§ÙÙ",Western Neo-Aramaic,nÃ©o-aramÃ©en (occidental),,è¥¿é¨ç°ä»£äºæå§è¯­,Ð·Ð°Ð¿Ð°Ð´Ð½ÑÐ¹ Ð½Ð¾Ð²Ð¾Ð°ÑÐ°Ð¼ÐµÐ¹ÑÐºÐ¸Ð¹,
amx,,,I/L,PamaâNyungan,,Anmatyerre,,,,Ð°Ð½Ð¼Ð°ÑÑÐµÑÑÐµ,
amy,,,I/L,Northern Daly,,Ami,,,,Ð°Ð¼Ð¸,
amz,,,I/E,PamaâNyungan,,Atampaya,,,,Ð°ÑÐ°Ð¼Ð¿Ð°Ñ,
ana,,,I/E,Barbacoan,,Andaqui,,andaquÃ­,,Ð°Ð½Ð´Ð°ÐºÐ¸,
anb,,,I/E,Zaparoan,,Andoa,,andoa,,Ð°Ð½Ð´Ð¾Ð°,
anc,,,I/L,Afro-Asiatic,,Ngas,,,,Ð½Ð³Ð°Ñ,
and,,,I/L,Austronesian,,Ansus,,,,Ð°Ð½ÑÑÑ,
ane,,,I/L,Austronesian,,XÃ¢rÃ¢cÃ¹Ã¹,,,,ÑÐ°ÑÐ°ÑÑÑ,
anf,,,I/L,NigerâCongo,,Animere,,,,Ð°Ð½Ð¸Ð¼ÐµÑÐµ,
ang,,ang,I/H,Indo-European,Englisc,Anglo-Saxon or Old English,Anglo-Saxon,,å¤è±è¯­,ÑÑÐ°ÑÐ¾Ð°Ð½Ð³Ð»Ð¸Ð¹ÑÐºÐ¸Ð¹,AngelsÃ¤chsisch (Altenglisch)
anh,,,I/L,TransâNew Guinea,,Nend,,,,Ð½ÐµÐ½Ð´,
ani,,,I/L,Northeast Caucasian,,Andi,,andÃ­,å®è¿ªè¯­,Ð°Ð½Ð´Ð¸Ð¹ÑÐºÐ¸Ð¹,
anj,,,I/L,Ramu,,Anor,,,,Ð°Ð½Ð¾Ñ,
ank,,,I/L,Afro-Asiatic,,Goemai,,,,Ð³Ð¾ÑÐ¼Ð°Ð¹,
anl,,,I/L,Sino-Tibetan,,Anu,,,,Ð°Ð½Ñ,
anm,,,I/L,Sino-Tibetan,,Anal,,anal,,Ð°Ð½Ð°Ð»,
ann,,,I/L,NigerâCongo,,Obolo,,,,Ð¾Ð±Ð¾Ð»Ð¾,
ano,,,I/L,isolate,,Andoque,,,,Ð°Ð½Ð´Ð¾ÐºÐµ,
anp,,anp,I/L,Indo-European,,Angika,angika,,å®åå¡è¯­,Ð°Ð½Ð³Ð¸ÐºÐ°,
anq,,,I/L,Ongan,,Jarawa (India),jarawa (Inde),,,Ð´Ð¶Ð°ÑÐ°Ð²Ð°,
anr,,,I/L,Indo-European,,Andh,,,,Ð°Ð½Ð´Ñ,
ans,,,I/E,Chocoan,,Anserma,,,,Ð°Ð½ÑÐµÑÐ¼Ð°,
ant,,,I/L,PamaâNyungan,,Antakarinya,,,,Ð°Ð½ÑÐ°ÐºÐ°ÑÐ¸Ð½Ñ,
anu,,,I/L,Nilo-Saharan,,Anuak,,,,Ð°Ð½ÑÐ°Ðº,
anv,,,I/L,NigerâCongo,,Denya,,,,Ð´ÐµÐ½ÑÑ,
anw,,,I/L,NigerâCongo,,Anaang,,,,Ð°Ð½Ð°Ð°Ð½Ð³,
anx,,,I/L,Austronesian,,Andra-Hus,,,,Ð°Ð½Ð´ÑÐ°-ÑÑÑ,
any,,,I/L,NigerâCongo,,Anyin,,,,Ð°Ð½ÑÐ¸Ð½,
anz,,,I/L,Yele-West New Britain,,Anem,,,,Ð°Ð½ÐµÐ¼,
aoa,,,I/L,Portuguese Creole,,Angolar,,,,Ð°Ð½Ð³Ð¾Ð»Ð°Ñ,
aob,,,I/L,TransâNew Guinea,,Abom,,,,Ð°Ð±Ð¾Ð¼,
aoc,,,I/L,Cariban,,Pemon,,pemÃ³n,,Ð¿ÐµÐ¼Ð¾Ð½,
aod,,,I/L,Ramu,,Andarum,,,,Ð°Ð½Ð´Ð°ÑÑÐ¼,
aoe,,,I/L,TransâNew Guinea,,Angal Enen,,,,Ð°Ð½Ð³Ð°Ð»-ÑÐ½ÐµÐ½,
aof,,,I/L,Torricelli,,Bragat,,,,Ð±ÑÐ°Ð³Ð°Ñ,
aog,,,I/L,Ramu,,Angoram,,,,Ð°Ð½Ð³Ð¾ÑÐ°Ð¼,
(aoh),,,I/E,spurious language,,Arma,,,,Ð°ÑÐ¼Ð°,
aoi,,,I/L,Arnhem,,Anindilyakwa,,,,ÑÐ½Ð¸Ð½ÑÐ¸Ð»ÑÐºÐ²Ð°,
aoj,,,I/L,Torricelli,,Mufian,,,,Ð¼ÑÑÐ¸Ð°Ð½,
aok,,,I/L,Austronesian,,ArhÃ¶,,,,Ð°ÑÑÐ¾,
aol,,,I/L,Austronesian,,Alor,,,,Ð°Ð»Ð¾ÑÑÐºÐ¸Ð¹,
aom,,,I/L,TransâNew Guinea,,Ãmie,,,,Ð¾Ð¼Ð¸Ðµ,
aon,,,I/L,Torricelli,,"Arapesh, Bumbita",,,,Ð±ÑÐ¼Ð±Ð¸ÑÐ°-Ð°ÑÐ°Ð¿ÐµÑ,
aor,,,I/E,Austronesian,,Aore,,,,Ð°Ð¾ÑÐµ,
aos,,,I/L,Border,,Taikat,,,,ÑÐ°Ð¹ÐºÐ°Ñ,
aot,,,I/L,Sino-Tibetan,,A'tong,,,,Ð°ÑÐ¾Ð½Ð³,
aou,,,I/L,TaiâKadai,,Gelao,,,,Ð³ÑÐ»Ð°Ð¾,
aox,,,I/L,Arawakan,,Atorada,,,,Ð°ÑÐ¾ÑÐ°Ð´Ð°,
aoz,,,I/L,Austronesian,,Uab Meto,,,,ÑÐ°Ð±-Ð¼ÐµÑÐ¾,
apb,,,I/L,Austronesian,,Sa'a,,,,ÑÐ°Ð°,
apc,,,I/L,Afro-Asiatic,,Arabic (North Levantine),arabe (lÃ©vantin du Nord),,åé»å¡ç¹é¿æä¼¯è¯­,Ð°ÑÐ°Ð±ÑÐºÐ¸Ð¹ (ÑÐµÐ²ÐµÑÐ½ÑÐ¹ Ð»ÐµÐ²Ð°Ð½ÑÐ¸Ð¹ÑÐºÐ¸Ð¹),
apd,,,I/L,Afro-Asiatic,,Arabic (Sudanese),arabe (soudanais),,èä¸¹é¿æä¼¯è¯­,Ð°ÑÐ°Ð±ÑÐºÐ¸Ð¹ (ÑÑÐ´Ð°Ð½ÑÐºÐ¸Ð¹),
ape,,,I/L,Torricelli,,Bukiyip,,,,Ð±ÑÐºÐ¸Ð¹Ð¸Ð¿,
apf,,,I/L,Austronesian,,Pahanan Agta,,,,Ð¿Ð°ÑÐ°Ð½Ð°Ð½-Ð°Ð³ÑÐ°,
apg,,,I/L,Austronesian,,Ampanang,,,,Ð°Ð¼Ð¿Ð°Ð½Ð°Ð½Ð³,
aph,,,I/L,Sino-Tibetan,,Athpariya,,,,Ð°ÑÐ¿Ð°ÑÐ¸Ñ,
api,,,I/L,Tupian,,ApiacÃ¡,,apiacÃ¡,,Ð°Ð¿Ð¸Ð°ÐºÐ°,
apj,,,I/L,Apache,AbÃ¡achi mizaa,Apache (Jicarilla),Apache (Jicarilla),,,Ð°Ð¿Ð°ÑÐµ (Ð¥Ð¸ÐºÐ°ÑÐ¸Ð»ÑÑ),
apk,,,I/L,Apache,,Apache (Kiowa),Apache (Kiowa),,,Ð°Ð¿Ð°ÑÐµ (ÐºÐ¸Ð¾Ð²Ð°),
apl,,,I/L,Apache,,Apache (Lipan),Apache (Lipan),,,Ð°Ð¿Ð°ÑÐµ (Ð»Ð¸Ð¿Ð°Ð½),
apm,,,I/L,Apache,,Apache (Mescalero-Chiricahua),Apache (Mescalero-Chiricahua),,,Ð°Ð¿Ð°ÑÐµ (Ð¼ÐµÑÐºÐ°Ð»ÐµÑÐ¾-ÑÐ¸ÑÐ¸ÐºÐ°ÑÑÐ°),
apn,,,I/L,Macro-JÃª,,ApinayÃ©,,,,Ð°Ð¿Ð¸Ð½Ð°Ð¹Ðµ,
apo,,,I/L,Austronesian,,Apalik,,,,Ð°Ð¿Ð°Ð»Ð¸Ðº,
app,,,I/L,Austronesian,,Apma,,,,Ð°Ð¿Ð¼Ð°,
apq,,,I/L,Great Andamanese,,A-Pucikwar,,,,Ð¿ÑÑÐ¸ÐºÐ²Ð°Ñ,
apr,,,I/L,Austronesian,,Arop-Lukep,,,,Ð°ÑÐ¾Ð¿-Ð»ÑÐºÐµÐ¿,
aps,,,I/L,Austronesian,,Arop-Sissano,,,,Ð°ÑÐ¾Ð¿-ÑÐ¸ÑÑÐ°Ð½Ð¾,
apt,,,I/L,Sino-Tibetan,,Apatani,,,,Ð°Ð¿Ð°ÑÐ°Ð½Ð¸,
apu,,,I/L,Arawakan,,ApurinÃ£,,,,Ð°Ð¿ÑÑÐ¸Ð½Ð°,
apv,,,I/E,Nambikwaran,,Alapmunte,,,,Ð°Ð»Ð°Ð¿Ð¼ÑÐ½ÑÐµ,
apw,,,I/L,Apache,NdÃ©Ã© biyÃ¡ti',Apache (Western),Apache (occidental),,,Ð°Ð¿Ð°ÑÐµ (Ð·Ð°Ð¿Ð°Ð´Ð½ÑÐ¹),
apx,,,I/L,Austronesian,,Aputai,,,,Ð°Ð¿ÑÑÐ°Ð¹,
apy,,,I/L,Cariban,,ApalaÃ­,,apalaÃ­,,Ð°Ð¿Ð°Ð»Ð°Ð¹,
apz,,,I/L,TransâNew Guinea,,Safeyoka,,,,ÑÐ°ÑÐµÐ¹Ð¾ÐºÐ°,
aqc,,,I/L,Northeast Caucasian,,Archi,,archi,,Ð°ÑÑÐ¸Ð½ÑÐºÐ¸Ð¹,
aqd,,,I/L,NigerâCongo,,Ampari Dogon,,,,Ð°Ð¼Ð¿Ð°ÑÐ¸-Ð´Ð¾Ð³Ð¾Ð½,
aqg,,,I/L,NigerâCongo,,Arigidi,,,,Ð°ÑÐ¸Ð³Ð¸ÑÐ¸,
aqm,,,I/L,TransâNew Guinea,,Atohwaim,,,,Ð°ÑÐ¾ÑÐ²Ð°Ð¹Ð¼,
aqn,,,I/L,Austronesian,,Alta (Northern),altaÃ¯que (du Nord),,,Ð°Ð»ÑÐ° (ÑÐµÐ²ÐµÑÐ½ÑÐ¹),
aqp,,,I/E,isolate,,Atakapa,,,,Ð°ÑÐ°ÐºÐ°Ð¿Ð°,
aqr,,,I/L,Austronesian,,ArhÃ¢,,,,Ð°ÑÑÐ°,
aqt,,,I/L,Mascoian,,AngaitÃ©,angaitÃ©,,,Ð°Ð½Ð³Ð°Ð¹ÑÐµ,
aqz,,,I/L,Tupian,,Akuntsu,,,,Ð°ÐºÑÐ½ÑÑÑ,
ara,ar,ara,M/L,Arabic,Ø§ÙØ¹Ø±Ø¨ÙØ©,Arabic,arabe,Ã¡rabe,é¿æä¼¯è¯­,Ð°ÑÐ°Ð±ÑÐºÐ¸Ð¹,Arabisch
arb,,,I/L,Arabic,ÙØ¹Ø±Ø¨ÙØ©,Arabic (standard),arabe (standard),,æ åé¿æä¼¯è¯­,Ð°ÑÐ°Ð±ÑÐºÐ¸Ð¹ (ÑÑÐ°Ð½Ð´Ð°ÑÑÐ½ÑÐ¹),Arabisch (Standard-)
arc,,arc,I/A,Afro-Asiatic,ÜÜªÜ¡ÜÜ,Aramaic,aramÃ©en,arameo,é¿æç±³è¯­,Ð°ÑÐ°Ð¼ÐµÐ¹ÑÐºÐ¸Ð¹,AramÃ¤isch
ard,,,I/E,PamaâNyungan,,Arabana,,,,Ð°ÑÐ°Ð¿Ð°Ð½Ð°,
are,,,I/L,PamaâNyungan,,"Arrarnta, Western",,,,Ð·Ð°Ð¿Ð°Ð´Ð½ÑÐ¹ Ð°ÑÑÐ°Ð½ÑÐ°,
(arf),,,I/L,Arafundi,,Arafundi,,,,Ð°ÑÐ°ÑÑÐ½Ð´Ð¸,
arg,an,arg,I/L,Indo-European,aragonÃ©s,Aragonese,aragonais,aragonÃ©s,é¿æè´¡è¯­,Ð°ÑÐ°Ð³Ð¾Ð½ÑÐºÐ¸Ð¹,Aragonisch
arh,,,I/L,Chibchan,,Arhuaco,,arhuaco,,Ð°ÑÑÑÐ°ÐºÐ¾,
ari,,,I/L,Caddoan,sÃ¡hniÅ¡,Arikara,,,,Ð°ÑÐ¸ÐºÐ°ÑÐ°,
arj,,,I/E,Tucanoan,,Arapaso,,,,Ð°ÑÐ°Ð¿Ð°ÑÐ¾,
ark,,,I/L,Macro-JÃª,,ArikapÃº,,,,Ð°ÑÐ¸ÐºÐ°Ð¿Ñ,
arl,,,I/L,Zaparoan,,Arabela,,arabela,,Ð°ÑÐ°Ð±ÐµÐ»Ð°,
arn,,arn,I/L,Araucanian,Mapudungun,Araucanian,Araucan,mapudungun,é¿å³åè¯­,"Ð°ÑÐ°ÑÐºÐ°Ð½ÑÐºÐ¸Ð¹ (Ð¼Ð°Ð¿ÑÐ´ÑÐ½Ð³ÑÐ½, Ð¼Ð°Ð¿ÑÑÐµ)",Mapudungun
aro,,,I/L,Pano-Tacanan,,Araona,,,,Ð°ÑÐ°Ð¾Ð½Ð°,
arp,,arp,I/L,Algic,Hinono'eitiit,Arapaho,Arapaho,Arapaho,é¿æå¸éè¯­,Ð°ÑÐ°Ð¿Ð°ÑÐ¾,
arq,,,I/L,Arabic,,Arabic (Algerian),arabe (algÃ©rien),,é¿å°åå©äºé¿æä¼¯è¯­,Ð°ÑÐ°Ð±ÑÐºÐ¸Ð¹ (Ð°Ð»Ð¶Ð¸ÑÑÐºÐ¸Ð¹),Arabisch (Algerien)
arr,,,I/L,Tupian,,Karo (Brazil),,,,ÐºÐ°ÑÐ¾,
ars,,,I/L,Arabic,,Arabic (Najdi),arabe (Najdi),,çº³åè¿ªé¿æä¼¯è¯­,Ð°ÑÐ°Ð±ÑÐºÐ¸Ð¹ (Ð½Ð°Ð´Ð¶Ð´Ð¸),Arabisch (Nadji)
aru,,,I/E,Arawan,,Arua,,,,Ð°ÑÑÐ°,
arv,,,I/L,Afro-Asiatic,,Arbore,,,,Ð°ÑÐ±Ð¾ÑÐµ,
arw,,arw,I/L,Maipurean,,Arawak,Arawak,,é¿æç¦åè¯­,Ð°ÑÐ°Ð²Ð°ÐºÑÐºÐ¸Ð¹,
arx,,,I/L,Tupian,,AruÃ¡,,aruÃ¡,,Ð°ÑÑÐ°,
ary,,,I/L,Arabic,,Arabic (Moroccan),arabe (marocain),,æ©æ´å¥é¿æä¼¯è¯­,Ð¼Ð°ÑÐ¾ÐºÐºÐ°Ð½ÑÐºÐ¸Ð¹ Ð°ÑÐ°Ð±ÑÐºÐ¸Ð¹,
arz,,,I/L,Arabic,,Arabic (Egyptian),arabe (Ã©gyptien),,ååé¿æä¼¯è¯­,ÐµÐ³Ð¸ÑÐ¿ÐµÑÑÐºÐ¸Ð¹ Ð°ÑÐ°Ð±ÑÐºÐ¸Ð¹,
asa,,,I/L,NigerâCongo,,Asu (Tanzania),,,,Ð°ÑÑ,
asb,,,I/L,Siouan,NakÊ°Ã³da,Assiniboine,assiniboine,assiniboine,,Ð°ÑÑÐ¸Ð½Ð¸Ð±Ð¾Ð¹Ð½Ðµ,
asc,,,I/L,TransâNew Guinea,,"Asmat, Casuarina Coast",,,,Ð°ÑÐ¼Ð°Ñ (Ð¿Ð¾Ð±ÐµÑÐµÐ¶ÑÐµ ÐÐ°ÑÑÐ°ÑÐ¸Ð½Ð°),
(asd),,,I/L,TransâNew Guinea,,Asas,,,,Ð°ÑÐ°Ñ,
ase,,,I/L,French Sign,,American Sign Language,langue des signes amÃ©ricaine,lengua de seÃ±as americana,ç¾å½æè¯­,Ð°Ð¼ÐµÑÐ¸ÐºÐ°Ð½ÑÐºÐ¸Ð¹ Ð¶ÐµÑÑÐ¾Ð²ÑÐ¹,
asf,,,I/L,BANZSL,,Australian Sign Language,langue des signes australienne,,æ¾³å¤§å©äºæè¯­,Ð°Ð²ÑÑÑÐ°Ð»Ð¸Ð¹ÑÐºÐ¸Ð¹ Ð¶ÐµÑÑÐ¾Ð²ÑÐ¹,
asg,,,I/L,NigerâCongo,,Cishingini,,,,ÐºÐ¸ÑÐ¸Ð½Ð³Ð¸Ð½Ð¸,
ash,,,I/E,TequiracaâCanichana,,Abishira,,,,Ð°Ð±Ð¸ÑÐ¸ÑÐ°,
asi,,,I/L,TransâNew Guinea,,Buruwai,,,,Ð±ÑÑÑÐ²Ð°Ð¸,
asj,,,I/L,NigerâCongo,,Nsari,,,,Ð½ÑÐ°ÑÐ¸,
ask,,,I/L,Indo-European,,Ashkun,,,,Ð°ÑÐºÑÐ½,
asl,,,I/L,Austronesian,,Asilulu,,,,Ð°ÑÐ¸Ð»ÑÐ»Ñ,
asm,as,asm,I/L,Indo-European,à¦à¦¸à¦®à§à¦¯à¦¼à¦¾,Assamese,assamais,asamÃ©s,é¿è¨å§è¯­,Ð°ÑÑÐ°Ð¼ÑÐºÐ¸Ð¹,Asamiya
asn,,,I/L,Tupian,,"AsurinÃ­, XingÃº",,asurinÃ­ xingÃº,,ÑÐ¸Ð½Ð³Ñ-Ð°ÑÑÑÐ¸Ð½Ð¸,
aso,,,I/L,TransâNew Guinea,,Dano,,,,Ð´Ð°Ð½Ð¾,
asp,,,I/L,French Sign,,Algerian Sign Language,langue des signes algÃ©rienne,,é¿å°åå©äºæè¯­,Ð°Ð»Ð¶Ð¸ÑÑÐºÐ¸Ð¹ Ð¶ÐµÑÑÐ¾Ð²ÑÐ¹,
asq,,,I/L,French Sign,,Austrian Sign Language,langue des signes autrichienne,,å¥¥å°å©æè¯­,Ð°Ð²ÑÑÑÐ¸Ð¹ÑÐºÐ¸Ð¹ Ð¶ÐµÑÑÐ¾Ð²ÑÐ¹,
asr,,,I/L,Austroasiatic,,Asuri,,,,Ð°ÑÑÑÐ¸,
ass,,,I/L,NigerâCongo,,Ipulo,,,,Ð¸Ð¿ÑÐ»Ð¾,
ast,,ast,I/L,Indo-European,asturianu,Asturian,asturien,asturiano,é¿æ¯å¾éäºæ¯è¯­,Ð°ÑÑÑÑÐ¸Ð¹ÑÐºÐ¸Ð¹,Asturisch
asu,,,I/L,Tupian,,AsurinÃ­,,asurinÃ­,,Ð°ÑÑÑÐ¸Ð½Ð¸,
asv,,,I/L,Nilo-Saharan,,Asoa,,,,Ð°ÑÐ¾Ð°,
asw,,,I/L,Australian Aboriginal Sign,,Australian Aborigines Sign Language,,,æ¾³å¤§å©äºåä½æ°æè¯­,Ð¶ÐµÑÑÐ¾Ð²ÑÐµ ÑÐ·ÑÐºÐ¸ Ð°Ð²ÑÑÑÐ°Ð»Ð¸Ð¹ÑÐºÐ¸Ñ Ð°Ð±Ð¾ÑÐ¸Ð³ÐµÐ½Ð¾Ð²,
asx,,,I/L,TransâNew Guinea,,Muratayak,,,,Ð¼ÑÑÐ°ÑÐ°ÑÐº,
asy,,,I/L,TransâNew Guinea,,Asmat (Yaosakor),,,,Ð°ÑÐ¼Ð°Ñ (ÑÐ¾ÑÐ°ÐºÐ¾Ñ),
asz,,,I/L,Austronesian,,As,,,,Ð°Ñ,
ata,,,I/L,Yele-West New Britain,,Pele-Ata,,,,Ð¿ÐµÐ»Ðµ-Ð°ÑÐ°,
atb,,,I/L,Sino-Tibetan,,Zaiwa,,,è½½ç¦è¯­,Ð·Ð°Ð¹Ð²Ð°,
atc,,,I/E,Pano-Tacanan,,Atsahuaca,,atsawaka,,Ð°ÑÑÐ°ÑÐ°ÐºÐ°,
atd,,,I/L,Austronesian,,"Manobo, Ata",,,,Ð°ÑÐ°-Ð¼Ð°Ð½Ð¾Ð±Ð¾,
ate,,,I/L,TransâNew Guinea,,Atemble,,,,Ð°ÑÐµÐ¼Ð±Ð»Ðµ,
(atf),,,I/L,spurious language,,Atuence,,,,Ð°ÑÑÑÐ½ÐºÐµ,
atg,,,I/L,NigerâCongo,,Ivbie North-Okpela-Arhe,,,,ÑÐµÐ²ÐµÑÐ½Ð¾-Ð¾ÐºÐ¿ÐµÐ»Ð°-Ð°ÑÑÐµ Ð¸Ð²Ð±Ð¸Ñ,
ati,,,I/L,NigerâCongo,,AttiÃ©,,,,Ð°ÑÑÐ¸Ñ,
atj,,,I/L,Algic,Atikamekw,Atikamekw,atikamekw,,,Ð°ÑÐ¸ÐºÐ°Ð¼ÐµÐº,
atk,,,I/L,Austronesian,,Ati,,,,Ð°ÑÐ¸,
atl,,,I/L,Austronesian,,Agta (Mt. Iraya),,,,Ð°Ð³ÑÐ° (Ð³Ð¾ÑÐ° ÐÑÐ°Ñ),
atm,,,I/L,Yele-West New Britain,,Ata,,,,Ð°ÑÐ°,
atn,,,I/L,Indo-European,,Ashtiani,,,,Ð°ÑÑÐ¸Ð°Ð½Ð¸,
ato,,,I/L,NigerâCongo,,Atong,,,,Ð°ÑÐ¾Ð½Ð³,
atp,,,I/L,Austronesian,,Atta (Pudtol),,,,Ð°ÑÑÐ° (Ð¿ÑÐ´ÑÐ¾Ð»),
atq,,,I/L,Austronesian,,Aralle-Tabulahan,,,,Ð°ÑÐ°Ð»Ð»Ðµ-ÑÐ°Ð±ÑÐ»Ð°ÑÐ°Ð½,
atr,,,I/L,Cariban,,AtruahÃ­,,atruahÃ­,,Ð°ÑÑÑÐ°ÑÐ¸,
ats,,,I/L,Algic,,Gros Ventre,,,,Ð³ÑÐ¾Ñ Ð²ÐµÐ½ÑÑÐµ,
att,,,I/L,Austronesian,,Atta (Pamplona),,,,Ð°ÑÑÐ° (Ð¿Ð°Ð¼Ð¿Ð»Ð¾Ð½Ð°),
atu,,,I/L,Nilo-Saharan,,Reel,,,,ÑÐµÐµÐ»Ñ,
atv,,,I/L,Turkic,,Altai (Northern),altaÃ¯ (du Nord),,åé¿å°æ³°è¯­,Ð°Ð»ÑÐ°Ð¹ÑÐºÐ¸Ð¹ ÑÐµÐ²ÐµÑÐ½ÑÐ¹,
atw,,,I/L,Hokan,,Atsugewi,,,,Ð°ÑÑÑÐ³ÐµÐ²Ð¸,
atx,,,I/L,ArutaniâSape,,Arutani,,,,Ð°ÑÑÑÐ°Ð½Ð¸,
aty,,,I/L,Austronesian,,Aneityum,,,,Ð°Ð½ÐµÐ¹ÑÑÑÐ¼,
atz,,,I/L,Austronesian,,Arta,,,,Ð°ÑÑÐ°,
aua,,,I/L,Austronesian,,Asumboa,,,,Ð°ÑÑÐ¼Ð±Ð¾Ð°,
aub,,,I/L,Sino-Tibetan,,Alugu,,,,Ð°Ð»ÑÐ³Ñ,
auc,,,I/L,isolate,Huao Terero,Waorani,,,,Ð²Ð°Ð¾ÑÐ°Ð½Ð¸,
aud,,,I/L,Austronesian,,Anuta,,,,Ð°Ð½ÑÑÐ°,
(aue),,,I/L,Kx'a,,ÇKxâauÇâein,,,,ÑÑÐºÑÐ°ÑÐ»ÑÑÐ¹Ð½,
aug,,,I/L,NigerâCongo,,Aguna,,,,Ð°Ð³ÑÐ½Ð°,
auh,,,I/L,NigerâCongo,,Aushi,,,,Ð°ÑÑÐ¸,
aui,,,I/L,Austronesian,,Anuki,,,,Ð°Ð½ÑÐºÐ¸,
auj,,,I/L,Afro-Asiatic,,Awjilah,,,,Ð°Ð²Ð´Ð¶Ð¸Ð»Ð°,
auk,,,I/L,Torricelli,,Heyo,,,,ÑÐµÐ¹Ð¾,
aul,,,I/L,Austronesian,,Aulua,,,,Ð°ÑÐ»ÑÐ°,
aum,,,I/L,NigerâCongo,,Asu (Nigeria),,,,Ð°ÑÑ (ÐÐ¸Ð³ÐµÑÐ¸Ñ),
aun,,,I/L,Torricelli,,"One, Molmo",,,,Ð¼Ð¾Ð»Ð¼Ð¾-Ð¾Ð½Ðµ,
auo,,,I/E,Afro-Asiatic,,Auyokawa,,,,Ð°ÑÐ¹Ð¾ÐºÐ°Ð²Ð°,
aup,,,I/L,TransâNew Guinea,,Makayam,,,,Ð¼Ð°ÐºÐ°ÑÐ¼,
auq,,,I/L,Austronesian,,Anus,,,,Ð°Ð½ÑÑ,
aur,,,I/L,Torricelli,,Aruek,,,,Ð°ÑÑÑÐº,
aut,,,I/L,Austronesian,,Austral,austral,,,Ð°ÑÑÑÑÐ°Ð»,
auu,,,I/L,TransâNew Guinea,,Auye,,,,Ð°ÑÐ¹Ðµ,
(auv),,,I/L,Indo-European,,Auvergnat,,,,Ð¾Ð²ÐµÑÐ½ÑÐºÐ¸Ð¹ Ð´Ð¸Ð°Ð»ÐµÐºÑ,
auw,,,I/L,Border,,Awyi,,,,Ð°Ð²ÑÐ¸,
aux,,,I/E,Tupian,,AurÃ¡,,,,Ð°ÑÑÐ°,
auy,,,I/L,TransâNew Guinea,,Awiyaana,,,,Ð°Ð²Ð¸ÑÐ°Ð½Ð°,
auz,,,I/L,Arabic,,Arabic (Uzbeki),arabe (ouzbek),,ä¹å¹å«åé¿æä¼¯è¯­,Ð°ÑÐ°Ð±ÑÐºÐ¸Ð¹ (Ð£Ð·Ð±ÐµÐºÐ¸ÑÑÐ°Ð½),Arabisch (Uzbekistan)
ava,av,ava,I/L,Northeast Caucasian,Ð°Ð²Ð°Ñ,Avaric,avar,avaro,é¿ç¦å°è¯­,Ð°Ð²Ð°ÑÑÐºÐ¸Ð¹,
avb,,,I/L,Austronesian,,Avau,,,,Ð°Ð²Ð°Ñ,
avd,,,I/L,Indo-European,,Alviri-Vidari,,,,Ð°Ð»Ð²Ð¸ÑÐ¸-Ð²Ð¸Ð´Ð°ÑÐ¸,
ave,ae,ave,I/A,Indo-European,avesta,Avestan,avestique,,é¿ç»´æ¯éè¯­,Ð°Ð²ÐµÑÑÐ¸Ð¹ÑÐºÐ¸Ð¹,
avi,,,I/L,NigerâCongo,,Avikam,,,é¿ç»´åè¯­,Ð°Ð²Ð¸ÐºÐ°Ð¼,
avk,,,I/C,constructed,Kotava,Kotava,kotava,kotava,,ÐÐ¾ÑÐ°Ð²Ð°,
avl,,,I/L,Arabic,,Arabic (Eastern Egyptian Bedawi),arabe (BÃ©dawi Ã©gyptien oriental),,,Ð°ÑÐ°Ð±ÑÐºÐ¸Ð¹ (Ð²Ð¾ÑÑÐ¾ÑÐ½ÑÐ¹ ÐµÐ³Ð¸Ð¿ÐµÑÑÐºÐ¸Ð¹ Ð±ÐµÐ´Ð°Ð²Ð¸),Arabisch (OstÃ¤gypten)
avm,,,I/E,PamaâNyungan,,Angkamuthi,,,,Ð°Ð½Ð³ÐºÐ°Ð¼ÑÑÐ¸,
avn,,,I/L,NigerâCongo,,Avatime,,,é¿ç¦èæ¢è¯­,Ð°Ð²Ð°ÑÐ¸Ð¼Ðµ,
avo,,,I/E,Arawakan,,Agavotaguerra,,,,Ð°Ð³Ð°Ð²Ð¾ÑÐ°Ð³ÐµÑÑÐ°,
avs,,,I/E,Zaparoan,,Aushiri,,aushiri,,Ð°ÑÑÐ¸ÑÐ¸,
avt,,,I/L,Torricelli,,Au,,,,Ð°Ñ,
avu,,,I/L,Nilo-Saharan,,Avokaya,,,,Ð°Ð²Ð¾ÐºÐ°Ñ,
avv,,,I/L,Tupian,,AvÃ¡-Canoeiro,,avÃ¡-canoeiro,,Ð°Ð²Ð°-ÐºÐ°Ð½Ð¾ÑÐ¹ÑÐ¾,
awa,,awa,I/L,Indo-European,à¤à¤µà¤§à¥,Awadhi,awadhi,awadhi,é¿ç¦å¾·è¯­,Ð°Ð²Ð°Ð´ÑÐ¸,
awb,,,I/L,TransâNew Guinea,,Awa,,awÃ¡,,Ð°Ð²Ð°,
awc,,,I/L,NigerâCongo,,Acipa (Western),,,,Ð°ÑÐ¸Ð¿Ð°,
awe,,,I/L,Tupian,,AwetÃ­,,awetÃ­,,Ð°Ð²ÐµÑÐ¸,
awg,,,I/E,PamaâNyungan,,Anguthimri,,,,Ð°Ð½Ð³ÑÑÐ¸Ð¼ÑÐ¸,
awh,,,I/L,TransâNew Guinea,,Awbono,,,,Ð°Ð²Ð±Ð¾Ð½Ð¾,
awi,,,I/L,TransâNew Guinea,,Aekyom,,,,Ð°ÑÐºÑÐ¾Ð¼,
awk,,,I/E,PamaâNyungan,,Awabakal,,,,Ð°Ð²Ð°Ð¿Ð°ÐºÐ°Ð»,
awm,,,I/L,TransâNew Guinea,,Arawum,,,,Ð°ÑÐ°Ð²ÑÐ¼,
awn,,,I/L,Afro-Asiatic,,Awngi,,,,Ð°Ð²Ð½Ð³Ð¸,
awo,,,I/L,NigerâCongo,,Awak,,,,Ð°Ð²Ð°Ðº,
awr,,,I/L,Lakes Plain,,Awera,,,,Ð°Ð²ÐµÑÐ°,
aws,,,I/L,TransâNew Guinea,,Awyu (South),,,,Ð°Ð²ÑÑ (ÑÐ¶Ð½ÑÐ¹),
awt,,,I/L,Tupian,,ArawetÃ©,,arawetÃ©,,Ð°ÑÐ°Ð²ÐµÑÐµ,
awu,,,I/L,TransâNew Guinea,,Awyu (Central),,,,Ð°Ð²ÑÑ (ÑÐµÐ½ÑÑÐ°Ð»ÑÐ½ÑÐ¹),
awv,,,I/L,TransâNew Guinea,,Awyu (Jair),,,,Ð°Ð²ÑÑ (Ð´Ð¶Ð°Ð¸Ñ),
aww,,,I/L,TransâNew Guinea,,Awun,,,,Ð°Ð²ÑÐ½,
awx,,,I/L,TransâNew Guinea,,Awara,,,,Ð°Ð²Ð°ÑÐ°,
awy,,,I/L,TransâNew Guinea,,Awyu (Edera),,,,Ð°Ð²ÑÑ (ÑÐ´ÐµÑÐ°),
axb,,,I/E,Guaicuruan,,Abipon,,,,Ð°Ð±Ð¸Ð¿Ð¾Ð½,
axe,,,I/E,PamaâNyungan,,Ayerrerenge,,,,Ð°Ð¹ÐµÑÑÐµÐ½Ð³Ðµ,
axg,,,I/E,unclassified,,ArÃ¡ra (Mato Grosso),,,,Ð°ÑÐ°ÑÐ° (ÐÐ°ÑÑ-ÐÑÐ¾ÑÑ),
axk,,,I/L,NigerâCongo,,Yaka (Central African Republic),,,,ÑÐºÐ° (Ð¦ÐÐ ),
axl,,,I/E,PamaâNyungan,,Lower Southern Aranda,,,,Ð½Ð¸Ð¶Ð½Ðµ-ÑÐ¶Ð½ÑÐ¹ Ð°ÑÐ°Ð½ÑÐ°,
axm,,,I/H,Indo-European,,"Armenian, Middle",armÃ©nien (moyen),,ä¸­å¤äºç¾å°¼äºè¯­,ÑÑÐµÐ´Ð½Ð¸Ð¹ Ð°ÑÐ¼ÑÐ½ÑÐºÐ¸Ð¹,
axx,,,I/L,Austronesian,,Xaragure,,,,ÑÐ°ÑÐ°Ð³ÑÑÐµ,
aya,,,I/L,Ramu,,Awar,,,,Ð°Ð²Ð°Ñ,
ayb,,,I/L,NigerâCongo,,"Gbe, Ayizo",,,,Ð°Ð¹Ð¸Ð·Ð¾,
ayc,,,I/L,Aymaran,,"Aymara, Southern",,,åè¾é©¬æè¯­,ÑÐ¶Ð½ÑÐ¹ Ð°Ð¹Ð¼Ð°ÑÐ°,
ayd,,,I/E,PamaâNyungan,,Ayabadhu,,,,Ð°ÑÐ¿Ð°ÑÑ,
aye,,,I/L,NigerâCongo,,Ayere,,,,Ð°Ð¹ÐµÑÐµ,
ayg,,,I/L,NigerâCongo,,Ginyanga,,,,Ð³Ð¸Ð½ÑÑÐ½Ð³Ð°,
ayh,,,I/L,Arabic,,Arabic (Hadrami),arabe (Hadrami),,,Ð°ÑÐ°Ð±ÑÐºÐ¸Ð¹ (ÑÐ°Ð´ÑÐ°Ð¼Ð¸),Arabisch (Hadrami)
ayi,,,I/L,NigerâCongo,,Yigha,,,,ÐÐ¸Ð³ÑÐ°,
ayk,,,I/L,NigerâCongo,,Akuku,,,,Ð°ÐºÑÐºÑ,
ayl,,,I/L,Afro-Asiatic,,Arabic (Libyan),arabe (lybien),,å©æ¯äºé¿æä¼¯è¯­,Ð°ÑÐ°Ð±ÑÐºÐ¸Ð¹ (Ð»Ð¸Ð²Ð¸Ð¹ÑÐºÐ¸Ð¹),Arabisch (Lybien)
aym,ay,aym,M/L,Aymaran,aymar,Aymara,aymara,aimara,è¾é©¬æè¯­,Ð°Ð¹Ð¼Ð°ÑÐ°,Aymara
ayn,,,I/L,Arabic,,Arabic (Sanaani),arabe (Sanaani),,è¨é£é¿æä¼¯è¯­,Ð°ÑÐ°Ð±ÑÐºÐ¸Ð¹ (ÑÐ°Ð½Ð°Ð°Ð½Ð¸),Arabisch (Sanaani)
ayo,,,I/L,Zamucoan,,Ayoreo,,,,Ð°Ð¹Ð¾ÑÐµÐ¾,
ayp,,,I/L,Arabic,,Arabic (North Mesopotamian),arabe (mÃ©sopotamien du Nord),,åç¾ç´¢ä¸è¾¾ç±³äºé¿æä¼¯è¯­,Ð°ÑÐ°Ð±ÑÐºÐ¸Ð¹ (ÑÐµÐ²ÐµÑÐ½ÑÐ¹ Ð¼ÐµÑÐ¾Ð¿Ð¾ÑÐ°Ð¼ÑÐºÐ¸Ð¹),Arabisch (Nordmesopotamien)
ayq,,,I/L,Sepik,,Ayi (Papua New Guinea),,,,Ð°Ð¹Ð¸ (ÐÐ°Ð¿ÑÐ°-ÐÐ¾Ð²Ð°Ñ ÐÐ²Ð¸Ð½ÐµÑ),
ayr,,,I/L,Aymaran,,Aymara (Central),,,ä¸­è¾é©¬æè¯­,ÑÐµÐ½ÑÑÐ°Ð»ÑÐ½ÑÐ¹ Ð°Ð¹Ð¼Ð°ÑÐ°,
ays,,,I/L,Austronesian,,Ayta (Sorsogon),,,,ÑÐ¾ÑÑÐ¾Ð³Ð¾Ð½ÑÐºÐ¸Ð¹ Ð°Ð¹ÑÐ°,
ayt,,,I/L,Austronesian,,Ayta (Bataan),,,,Ð±Ð°ÑÐ°Ð°Ð½ÑÐºÐ¸Ð¹ Ð°Ð¹ÑÐ°,
ayu,,,I/L,NigerâCongo,,Ayu,,,,Ð°Ñ,
(ayx),,,I/L,Sino-Tibetan,,Ayi (China),,,,Ð°Ð¹Ð¸ (ÐÐ¸ÑÐ°Ð¹),
(ayy),,,I/E,spurious language,,"Ayta, Tayabas",,,,ÑÐ°ÑÐ±Ð°ÑÑÐºÐ¸Ð¹ Ð°Ð¹ÑÐ°,
ayz,,,I/L,West Papuan,,Mai Brat,,,,Ð¼Ð°Ð¸-Ð±ÑÐ°Ñ,
aza,,,I/L,Sino-Tibetan,,Azha,,,,Ð°Ð¶Ð°,
azb,,,I/L,Turkic,,"Azerbaijani, South",azÃ©ri (du Sud),,åé¿å¡æçè¯­,ÑÐ¶Ð½ÑÐ¹ Ð°Ð·ÐµÑÐ±Ð°Ð¹Ð´Ð¶Ð°Ð½ÑÐºÐ¸Ð¹,
azd,,,I/L,Uto-Aztecan,,Eastern Durango Nahuatl,,,,Ð²Ð¾ÑÑÐ¾ÑÐ½Ð¾Ð´ÑÑÐ°Ð½Ð³ÑÐºÐ¸Ð¹ Ð½Ð°ÑÐ°ÑÐ»Ñ,
aze,az,aze,M/L,Turkic,AzÉrbaycan,Azerbaijani,azÃ©ri,azerbayano,é¿å¡æçè¯­,Ð°Ð·ÐµÑÐ±Ð°Ð¹Ð´Ð¶Ð°Ð½ÑÐºÐ¸Ð¹,Aserbaidschanisch
azg,,,I/L,Oto-Manguean,,Amuzgo (San Pedro Amuzgos),,,,ÑÐ°Ð½-Ð¿ÐµÐ´ÑÐ¾ Ð°Ð¼ÑÑÐ³Ð¾ÑÑÐºÐ¸Ð¹ Ð°Ð¼ÑÑÐ³Ð¾,
azj,,,I/L,Azeri,,Azerbaijani (North),azÃ©ri (du Nord),,åé¿å¡æçè¯­,Ð°Ð·ÐµÑÐ±Ð°Ð¹Ð´Ð¶Ð°Ð½ÑÐºÐ¸Ð¹ ÑÐµÐ²ÐµÑÐ½ÑÐ¹,Aserbaidschanisch (Nord-)
azm,,,I/L,Oto-Manguean,,Amuzgo (Ipalapa),,,,Ð¸Ð¿Ð°Ð»Ð°Ð¿Ð°Ð½ÑÐºÐ¸Ð¹ Ð°Ð¼ÑÑÐ³Ð¾,
azn,,,I/L,Uto-Aztecan,,Western Durango Nahuatl,,,,Ð·Ð°Ð¿Ð°Ð´Ð½Ð¾-Ð´ÑÑÐ°Ð½Ð³ÑÐºÐ¸Ð¹ Ð½Ð°ÑÐ°ÑÐ»Ñ,
azo,,,I/L,NigerâCongo,,Awing,,,,Ð°Ð²Ð¸Ð½Ð³,
(azr),,,I/L,Austronesian,,Adzera,,,,Ð°Ð´Ð·ÐµÑÐ°,
azt,,,I/L,Austronesian,,Atta (Faire),,,,ÑÐ°Ð¹ÑÐµ-Ð°ÑÑÐ°,
azz,,,I/L,Uto-Aztecan,,Nahuatl (Highland Puebla),,,,Ð³Ð¾ÑÐ½Ð¾-Ð¿ÑÑÐ±Ð»Ð°Ð½ÑÐºÐ¸Ð¹ Ð½Ð°ÑÐ°ÑÐ»Ñ,
